{
  "project_info": {
    "project_number": "205695090668",
    "project_id": "traveltour-f715a",
    "storage_bucket": "traveltour-f715a.appspot.com"
  },
  "client": [
    {
      "client_info": {
        "mobilesdk_app_id": "1:205695090668:android:3e6d7c957b8cd453bc4ac9",
        "android_client_info": {
          "package_name": "com.example.myapplication"
        }
      },
      "oauth_client": [],
      "api_key": [
        {
          "current_key": "AIzaSyBkU8cIywhcMljqpH8V2x8bIqyJ181Nk48"
        }
      ],
      "services": {
        "appinvite_service": {
          "other_platform_oauth_client": []
        }
      }
    }
  ],
  "configuration_version": "1"
}